panelist_id,email_hash,is_primary
10847,em_6a789281a737c0c8a0eb5d8e4ebfb00c61f05d2431c4721c6937002036ec37d7,True
10847,em_bee9c7b51086b0378cddab80e977986e05a58d271b002ea278cc6e10ebbdcad9,False
10923,em_cba7332e5e0b82dd53b2912c3408d61fac88ca3665bcdff31703ef16d7b1fa58,True
11204,em_7f39c8f16b1bafbcfd421dbddf5710956bab5f0783f8b6e03a8915f6b8d8f477,True
11204,em_3270564b5d8247bee94d3532a880731669f0e26298f80308bff867c8c285c285,False
11456,em_3efaf5874b98ebdbc6dd19ab9e24ed51a2178271cbb3ccfa4a8c25a60fd8fb87,True
11589,em_fc4da84859c8af6b0bbf6dc2321c26dcc5bdfe7a4c0878af9c566e32bd9cad9f,True
11789,em_b2548f5c9f99105d7282d000b5edb4897498131ff045ba15198b4bb7c99311ca,True
12003,em_ab3f0012dc6339d836c589c7cce5fce00d84bac12540928f853a2542f4b8c14c,True
12156,em_11546e98ff565d4b28420085edcb92a3953579525fed05b6dd488ebb7e8d8b39,True
12389,em_25ed7c357503ee9e85a2123e6a131134058db441019a12ed87025740e7f9ace4,True
12567,em_75c75c5d204a7a910d06c6e11422f5962ddb5797e87c4ea42dd0f4945e7e96f2,True
12789,em_24a5ef685e255bc34b32537ddac24aaf39ada13033e3b1a0f722d4dad761caf9,True
13001,em_daf595ff921d4ebebcfb3fc88b66c3961e7c043313dfd5d3ae0249b1ee4765a3,True
13102,em_94dc57fafef91f62a47d07c9827217659e2cfc48a40f6e9a82699feb5648aca7,True
13205,em_1b9f37d27ced38cbd8be62cd6b8f273fcca488fdb1586baf45d2ecf79b265993,True
13350,em_7494e4456b4246bd55938c2e27eb109b75be888104939b5c1d8e821dd5b49bec,True
13450,em_4d92973530d4273ddc03fb3e97fd1527a0917ab89d7aa9bdb1a90b179ea30553,True
13550,em_40da966e30f3644a6c1a23f39948544df254e186a651a8b7fe10dc2413f06b66,True
13650,em_7e2d2faee89f9f983582b9603d6655ea36277bb860a751812b72f296bc0bdc13,True
13750,em_6e03f7f731ab8c828a72ed7c05df51f364d34a49a197a4c8081fb19717b68a1b,True
